<?xml version="1.0" encoding="UTF-8"?>
<project-private xmlns="http://www.netbeans.org/ns/project-private/1">
    <editor-bookmarks xmlns="http://www.netbeans.org/ns/editor-bookmarks/2" lastBookmarkId="0"/>
    <open-files xmlns="http://www.netbeans.org/ns/projectui-open-files/2">
        <group>
            <file>file:/Users/bridgittku/NetBeansProjects/HW2/web/footer.jsp</file>
            <file>file:/Users/bridgittku/NetBeansProjects/HW2/web/header.jsp</file>
            <file>file:/Users/bridgittku/NetBeansProjects/HW2/web/savedConnections.jsp</file>
            <file>file:/Users/bridgittku/NetBeansProjects/HW2/web/navigation.jsp</file>
            <file>file:/Users/bridgittku/NetBeansProjects/HW2/web/about.jsp</file>
            <file>file:/Users/bridgittku/NetBeansProjects/HW2/web/connection.jsp</file>
            <file>file:/Users/bridgittku/NetBeansProjects/HW2/web/index.jsp</file>
            <file>file:/Users/bridgittku/NetBeansProjects/HW2/web/style.css</file>
            <file>file:/Users/bridgittku/NetBeansProjects/HW2/src/java/Connection.java</file>
            <file>file:/Users/bridgittku/NetBeansProjects/HW2/web/connections.jsp</file>
            <file>file:/Users/bridgittku/NetBeansProjects/HW2/web/contact.jsp</file>
            <file>file:/Users/bridgittku/NetBeansProjects/HW2/web/newConnection.jsp</file>
        </group>
    </open-files>
</project-private>
